category,count
DIRECTING,469
FILM EDITING,450
ACTRESS IN A SUPPORTING ROLE,440
ACTOR IN A SUPPORTING ROLE,440
DOCUMENTARY (Short Subject),378
BEST PICTURE,371
DOCUMENTARY (Feature),345
CINEMATOGRAPHY,338
FOREIGN LANGUAGE FILM,315
ART DIRECTION,307
COSTUME DESIGN,295
MUSIC (Original Score),270
SOUND,245
ACTRESS IN A LEADING ROLE,240
ACTOR IN A LEADING ROLE,240
ACTRESS,236
MUSIC (Original Song),235
ACTOR,232
SHORT FILM (Live Action),226
MUSIC (Song),215
SHORT FILM (Animated),215
SOUND RECORDING,195
SHORT SUBJECT (Cartoon),169
CINEMATOGRAPHY (Black-and-White),161
WRITING (Original Screenplay),160
VISUAL EFFECTS,155
MUSIC (Music Score of a Dramatic or Comedy Picture),148
ART DIRECTION (Black-and-White),138
CINEMATOGRAPHY (Color),135
HONORARY AWARD,133
MUSIC (Scoring of a Musical Picture),127
WRITING (Screenplay Written Directly for the Screen),120
ART DIRECTION (Color),112
WRITING (Adapted Screenplay),110
WRITING (Screenplay),104
OUTSTANDING PRODUCTION,102
ANIMATED FEATURE FILM,99
WRITING (Screenplay--based on material from another medium),95
SPECIAL EFFECTS,93
BEST MOTION PICTURE,90
SHORT SUBJECT (One-reel),90
MAKEUP,87
SOUND EDITING,86
SOUND MIXING,85
SHORT SUBJECT (Two-reel),81
COSTUME DESIGN (Color),77
COSTUME DESIGN (Black-and-White),77
SHORT SUBJECT (Live Action),68
WRITING (Screenplay Based on Material from Another Medium),65
MUSIC (Scoring),64
WRITING (Story and Screenplay--written directly for the screen),60
PRODUCTION DESIGN,60
SPECIAL AWARD,56
WRITING (Screenplay Based on Material Previously Produced or Published),55
WRITING (Original Story),52
WRITING (Motion Picture Story),50
SOUND EFFECTS EDITING,47
MAKEUP AND HAIRSTYLING,46
IRVING G. THALBERG MEMORIAL AWARD,45
JEAN HERSHOLT HUMANITARIAN AWARD,44
MUSIC (Original Dramatic Score),41
ASSISTANT DIRECTOR,35
WRITING (Story and Screenplay),35
OUTSTANDING MOTION PICTURE,30
MUSIC (Scoring of Music--adaptation or treatment),30
WRITING (Original Motion Picture Story),25
INTERNATIONAL FEATURE FILM,25
DOCUMENTARY,25
MUSIC (Song--Original for the Picture),25
DANCE DIRECTION,21
MUSIC (Music Score of a Dramatic Picture),20
MUSIC (Original Musical or Comedy Score),20
WRITING (Story and Screenplay--based on factual material or material not previously published or produced),20
MUSIC (Music Score--substantially original),20
WRITING (Adaptation),17
SPECIAL VISUAL EFFECTS,16
SHORT SUBJECT (Comedy),13
SHORT SUBJECT (Novelty),12
WRITING,11
DOCUMENTARY SHORT FILM,10
MUSIC (Original Score--for a motion picture [not a musical]),10
MUSIC (Original Music Score),10
WRITING (Screenplay Adapted from Other Material),10
MUSIC (Score of a Musical Picture--original or adaptation),10
SOUND EFFECTS,10
DOCUMENTARY FEATURE FILM,10
WRITING (Screenplay Written Directly for the Screen--based on factual material or on story material not previously published or produced),10
SHORT SUBJECT (Animated),9
SPECIAL ACHIEVEMENT AWARD (Visual Effects),9
MUSIC (Scoring: Original Song Score and Adaptation -or- Scoring: Adaptation),9
MUSIC (Original Song Score),8
OUTSTANDING PICTURE,8
MUSIC (Scoring: Adaptation and Original Song Score),8
MUSIC (Original Song Score and Its Adaptation or Adaptation Score),6
MUSIC (Original Song Score and Its Adaptation -or- Adaptation Score),6
SHORT SUBJECT (Color),6
WRITING (Screenplay--Original),5
HONORARY FOREIGN LANGUAGE FILM AWARD,5
WRITING (Story and Screenplay--based on material not previously published or produced),5
WRITING (Screenplay--Adapted),5
SPECIAL ACHIEVEMENT AWARD (Sound Effects Editing),4
MUSIC (Adaptation Score),3
MUSIC (Original Song Score or Adaptation Score),3
SPECIAL ACHIEVEMENT AWARD,3
SHORT FILM (Dramatic Live Action),3
WRITING (Title Writing),3
UNIQUE AND ARTISTIC PICTURE,3
ENGINEERING EFFECTS,3
DIRECTING (Dramatic Picture),3
DIRECTING (Comedy Picture),2
SPECIAL FOREIGN LANGUAGE FILM AWARD,2
GORDON E. SAWYER AWARD,1
SPECIAL ACHIEVEMENT AWARD (Sound Editing),1
SPECIAL ACHIEVEMENT AWARD (Sound Effects),1
AWARD OF COMMENDATION,1
